manufacturer	Counter
HART	255466
BOSCH	56774
FEBI BILSTEIN	50580
SIDEM	35672
FILTRON	29360
TEXTAR	23585
TYC	21722
TRW	19765
TOPRAN	17856
AS-PL	17168
ABAKUS	16941
ROMIX PACZKI	16599
K2	15550
MANN-FILTER	15491
FAG	13582
AMTRA	13366
GATES	13135
LEMFÖRDER	12156
SASIC	11931
INA	11750
HELLA	11385
NGK	11142
NEW AGE	10018
NARZEDZIA WARSZTAT	9596
UFI	9130
IZAWIT	8873
LPR	8347
BOLL	8212
M.LINE SILNIK	8075
OE	7812
SACHS	7757
LESJÖFORS	7700
QUICK BRAKE	7668
NISSENS	7498
TEDGUM	7057
CALORSTAT by Vernet	7056
ERT	6363
VALEO	6305
M-TECH	5828
EPS	5658
KLOKKERHOLM	5353
DOLZ	5059
MANNOL	4729
M.LINE FILTRY	4714
LuK	4597
MEAT & DORIA	4507
DENSO	4285
SPYRA	4032
BREMI	3841
MOTUL	3839
LIQUI MOLY	3822
BLUE PRINT	3811
ORIGINAL IMPERIUM	3753
ROTINGER	3576
BCC MOTO	3526
VEMO	3432
M.LINE SKUTER	3353
MAGNETI MARELLI	3332
SKF	3314
KYB	3193
FA1	3168
DELPHI	2921
COFLE	2911
HERTH+BUSS ELPARTS	2722
RMS	2583
KEGEL-BŁAŻUSIAK	2376
LÖBRO	2375
STEINHOF	2315
M.LINE OŚWIETLENIE	2293
PIERBURG	2278
NORMA	2205
LEOPLAST	2092
MILWAUKEE	2085
LINEX	2076
RAVENOL	2066
HERTH+BUSS JAKOPARTS	2030
VAICO	1996
OSRAM	1979
Dr.Motor Automotive	1972
CONDORTOOLS II	1893
OJD AUTOMOTIVE APS	1885
HIFLOFILTRO	1866
OETIKER ALUCYNK	1835
ORLEN	1833
GK	1794
PROELITE	1770
EXIDE	1748
TOPEX	1711
1A FIRST AUTOMOTIVE	1678
Airstal	1628
VICTOR REINZ	1621
FRECCIA	1617
OSVAT	1615
NHC	1530
JANMOR	1502
POLGUM	1477
TOTAL	1474
VARTA	1447
FROGUM	1438
NARVA	1397
SUNSTAR	1385
JMJ	1329
CASTROL	1307
MOBIL	1293
MAHLE	1291
KOLBENSCHMIDT	1241
PHILIPS	1210
PREMIEREUROPE	1170
OSSCA	1151
M.LINE LUSTERKA	1107
VICMA	1079
MAGNUS	1065
GENERAL RICAMBI	1052
LINMOT	979
BUDWEG CALIPER	972
MIRAGLIO	960
ELF	952
FOEN	941
ZWM CZAJA	935
DYNAMAX	925
LSN SPOLDZ.NIEWIDOM.	890
ZLACZA	863
TECHMAN ASTA	852
DG CORP POLAND	818
ICER	790
EBC	748
OLEJE SILNIKOWE OE (ORYGINALNE	746
M.LINE REP.ZAC.HAM.	744
BORG & BECK	736
ROLL	725
BERU AG	723
GOMET	655
CARAT	654
CJR LINKI	648
PROTEC	642
FAI AutoParts	641
CUSTO-POL	617
VCAN	607
M.LINE ŁAŃCUCHY	591
PLAK	539
NITERRA (NGK)	537
M.LINE OPONY	515
O.S.C.	506
CORTECO	499
NG	496
KALI	487
M.LINE AKUMULATORY 3	462
MR PROJEKT	460
RENNER	441
M.LINE DZWIGNIE	433
M.LINE ZEBATKI	427
EHART	421
PRZEWODY PALIWOWE	402
M.LINE LINKI	400
CTR	398
PURFLUX	394
M.LINE TŁOKI	390
EHART 6	390
WRC	390
M.LINE AKCESORIA	359
M.LINE AKCESORIA 2	353
SIFFERT	340
M.LINE ROLKI	335
WISNIEWSKI GNIEZNO	332
M.LINE SKUTER 5	321
OETIKER STALOWA	307
SCANGRIP	289
ELRING	283
HENGST FILTER	273
AIRSTAL	268
TESAM	262
TEC2000	253
DIESEL TECH	250
SENTECH	248
JAB	241
GORILLA	228
GVARANT BHP 2	220
KB GLOBAL	214
DID	208
WYTW.KURAN	201
M-TECH WARSZTAT	199
FAE	196
M.LINE SZCZEKI	193
FEDERAL MOGUL	187
HAZET	184
BADEK III	182
NARZEDZIA RECZNE	171
RESSER	170
KLAMKI	169
METELLI	165
KUFIETA	164
PERMAFUSE	164
M.LINE GOGLE	163
JESSE LAI	162
M.LINE ELEKTRYKA	158
AIRPRESS	157
METELLI S.P.A.	152
MEIWA	151
CASTEX	150
M.LINE TANK PADY	149
KLUCZE PNEUMATYCZNE	139
JURID	138
AMIO	136
ACC-MOTO	134
WALKER	125
ENZET	123
FTE	122
POMPKA SPRYSKIWACZA	122
BorgWarner (Wahler)	120
HYUTEX	118
GMB	115
AIR TOP ITALIA	115
STAHLTER	113
MARK-MOTO	113
STARTER	107
COFRAMA	106
ANAPLAST	104
GENEL	102
RUVILLE	101
KNIPEX	101
VIANO 	100
ADLY MOTO	96
LAKSOL	95
AS-PL 	93
DELTA - TECHNIKA	92
MAR SP.J.	91
GMB-ZAWIESZENIE	91
FAGUMIT	91
TRADE HOUSE	90
CIFAM	87
LUK INA FAG	85
LINDE	84
SIR	82
ROMIX SZTUKI	79
INFORM	78
NOCO	78
AI JUMBO ELEKTRYKA	77
M.LINE ODZIEŻ MOTO	76
EHART 7	74
VERNET	72
GEKO	71
KS TOOLS	71
FLAME	69
FREMAX	68
TECNOFLEX	67
ADMAL PLAST	65
NOXY	64
TECROL	63
CORAM	62
UTAL	59
GOTTEN BERG	58
KEMI	58
BIG5	57
ZF	52
APTECZKI	51
CARS CENTER	50
JACHYMEX	50
ITALCOM	49
CLIMA PARTNER	49
CONTINENTAL CTAM	48
SPOIWA	48
CHEMOPAK	48
ADMAL OSŁONY	47
EUROLITES	47
REMY	46
LUKSELL	45
KUNAGONE	45
SMARY	45
MANN+HUMMEL	44
AUTOELEKTRONIKA	43
KUPCZYK	42
HUZAIR	41
FARMA	40
RESISTOR	39
DIAMOND POWER	38
DANA	37
BREMBO	35
ISAM SPA	35
WAHLER	35
DAEWOO I	34
ACKOJA	34
AUTOXSCAN	34
WESTLAKE	33
IMPERGOM	32
HDK	31
LPR S.R.L.	31
M.LINE TORBY 2	29
GIEFFE	29
KAJA	28
VMG	28
PACK-FOIL	27
LEMANIA	27
TESH II	27
R2A	27
TECHMOT	27
ZESTAWY NAPRAWCZE	27
PATROL GROUP	26
EHART 5	26
VIEROL	26
POTRYKUS -WYTW.BLAC	26
KLARIUS	26
MARWIS	26
TKY	26
OPTIMAL	26
VIAKEN II	25
VILECTRA	25
SAND	25
APP	25
UNIMET	25
ELEMENTY ZAW.2	24
CARTEX	24
GAZELO	24
AUTO CENTRUM TOP	23
MOVI TERMOSTATOS	23
EHART 4	23
DYS	22
SIMBO	22
TKN	22
LEMFOERDER	21
DRAPER	21
SASSONE	20
GP	20
GÓRTECH	20
BLUE TECHNOLOGY	20
MOBI	19
FIST - VALEO	19
GUDEPOL	19
MAR-POL	18
GLASER	18
BCD CORONA &C	17
PLASTIKI	17
UNI-TROL	17
FENOX	17
FALLONE	16
OPEL PARTS	16
GPD	15
AUTO-SIKIRA	15
ORION	14
RENOLD SAF S.A.S.	14
MTM	13
ALKAR,S.A.	13
KOPAKO	12
TECHWAR	12
TORK	12
FOMAR	12
MAPCO	12
SNAP-ON EQUIPMENT	12
SATA NARZEDZIA	12
LOBRO	11
METELLI - CIFAM	11
BIRTH	11
HP SC	11
EHART 3	11
FRAP	11
BITRON	11
ELWIS LIGHTING	10
ANWA-TECH	10
ELEMENTY ZAW.1	10
ATH	10
BORDEREX	10
MIKALOR	10
SEAT IBERIA	9
PARGET	9
CMA-TECNECO FILTRI	9
UNICAR S.R.L.	9
ARTEB	9
MAXICAR	9
AKOR	9
ATHENA	8
HEPU	8
SĘDZISZÓW	8
M.LINE TŁOKI 2	8
TECNECO FILTERS	8
NK	8
OLMAN S.P.A.	8
AKRON-MALÒ	8
PROFIEUROPE 	7
EMBO	7
STEMOT	7
CANIS SAFETY a.s.	7
LAUBER SP. Z O.O.	7
PHIRA	7
KCW	7
S-MILE	7
NOTINOTE	7
Arnott	6
DEWALT	5
M.LINE-ZAWIESZENIE	5
SCHAFERBARTHOLD	5
SONIC	5
RO-GAZ	5
AXES	5
LUGA24.PL-BETA	5
HEKO	5
AUTO PARTS	5
ORAN	5
PRECYZJA-TECHNIK	5
ADAKO	5
TEJAS	5
SI.CO.	5
LUNA POLSKA	5
SHINKO	4
WERTHER	4
W.S.O.P.	4
HID	4
CAPAT II	4
DAIKIN	4
FAI	4
REZAW-PLAST	4
MOTOCHEMICA	4
M.LINE AKUMULATORY 2	4
MOTOSPEED	4
KOŁODZIEJCZAK	3
LEART	3
JAPAN CARS	3
BERGONE	3
HAGESHII-SKLADNIK	3
GRZESKOWIAK	3
ATE	3
RIDER	3
PROAUTO	3
METZGER	3
ALKAR	3
MIKODA	3
PROMA POLSKA	3
COVIND S.p.A.	3
MOTORPOL	3
NORFI II	3
HAUGG	2
HAGESHII	2
TIP-TOPOL	2
LUSTERKA	2
ADMAL WKLADY	2
NORMET	2
LP	2
NORMET S.C.	2
ALESCO	2
PROX	2
BRONOWSKI	2
AUTONA	2
ARSAUTO	2
CZĘŚCI DO SKUTERÓW	2
POLAUTO	2
GUARNITAUTO	2
TEMPRA	2
ER-ZET	2
WESEM	2
MERCEDES	2
AXES SYSTEM	2
COTON	2
ROLCAR	2
PANACEA	2
PLINTH	2
WERA	2
PARADOWSCY	1
JAMBOR	1
CARAT/CHIARAVALLI	1
CASCO	1
OPERATOR24.PL SP.Z.O	1
WALKER FR TENNECO	1
JOHNS AUTOTEILE HAMB	1
FERROZ	1
INTER-CARS	1
WDW BRZEG->4676	1
JA-MAR	1
HONDA KAWALER	1
ZAFFO	1
HER-GUM	1
WULKANIZACJA	1
J.R.MOTOR	1
EGON VON RUVILLE	1
FIRMA DROGOWSKI	1
ELTECH SP ZOO	1
COFAP	1
AUTO HAŃCZA	1
POZGUM	1
EXPONDO CZ	1
DON	1
MOTOHURTOWNIA	1
BENDIKS S.C.	1
ROADSTONE	1
DARMA	1
FRIGAIR	1
TECH-AND	1
GLOBAL SERVICE	1
M.LINE KLOCKI	1
BETA	1
FRIG AIR S.R.L.	1
NEGOCJATOR	1
GSI	1
NOR	1
BF	1
PURFLUX FILTERS II	1
PRONAR	1
CTEK	1
VANKING CELKAR	1
VARIANT SERVICE	1
DRAGON WINCH	1
